,Cycle,A1,A2,A3,A4,A5,A6,A7,A8,A9,A10,A11,A12,B1,B2,B3,B4,B5,B6,B7,B8,B9,B10,B11,B12,C1,C2,C3,C4,C5,C6,C7,C8,C9,C10,C11,C12,D1,D2,D3,D4,D5,D6,D7,D8,D9,D10,D11,D12
,1,-55.33709468,-87.57121582,-67.67427897,-100.5271843,-92.69258224,-82.51304016,-77.19853257,-75.53685299,-52.39866441,-83.88398039,-68.91691776,-20.50875166,-73.31011075,43.97502381,9.437474729,8.89883526,11.10475595,9.405185184,-35.86619619,35.52142732,33.28382815,20.79546249,-88.88110284,-90.94908153,-59.67312084,14.90206531,16.15477602,24.71053628,28.83820319,9.331093875,14.36063433,25.68557674,19.79043477,22.41895856,-54.82385396,-102.6627862,-63.71095865,6.062821782,1.098568723,35.60772008,1.539151785,31.80278391,40.13810495,20.37458422,18.35154093,19.08357004,27.89313257,-173.5357246
,2,-22.61252314,-29.2614056,-20.57042769,-42.58123916,-33.57605512,-32.32922033,-25.70709693,-31.43921054,-13.96253084,-38.78068485,-20.34463477,-3.180845825,-20.95624252,53.66343342,18.64503648,24.53353769,29.62399881,25.93723454,-5.734918093,50.77339946,42.26793545,34.45110032,11.83732583,-53.34117229,-11.59408305,24.21519266,27.93518737,38.87589824,42.99639453,28.28606763,31.22761343,40.53626646,29.19012585,40.27280437,42.91810238,-81.65783177,-6.379774439,19.64434174,19.28209544,41.46355158,14.74507538,46.32404293,42.51413687,33.08534757,34.78725785,34.45291822,42.20534028,-128.7643572
,3,-0.698886833,-4.166503365,-1.172384276,-19.85613973,-12.3716255,-5.651397523,-0.160216858,-11.33144648,6.832501652,-15.92787873,-5.228817205,3.496541544,4.72885243,41.02275272,18.56963331,23.7753163,26.21364414,25.07036496,1.844802597,45.75442858,39.65062265,33.21937868,51.01806819,-18.54279377,2.543646615,31.04838461,33.18442036,41.1465173,40.86935386,27.04253829,27.65592762,37.12051436,26.12286038,38.31137394,38.5230015,-73.96588819,16.843071,23.67525084,17.84255875,45.09867555,23.34266766,44.0085685,37.87458989,31.18727923,36.4921738,30.69205166,38.27744364,-61.15605538
,4,5.741646925,9.270358277,8.317152748,6.661383462,7.019184169,6.904550203,7.84261558,1.807083638,16.84057222,-2.033631977,7.851041038,8.453051735,13.87162253,38.85852384,21.22812991,20.99251685,24.33643268,18.80441857,11.27946932,36.73132018,34.74142647,22.46314029,40.70782091,-1.258004596,19.3000972,30.49756804,27.6504571,34.65521973,39.76279727,26.71721042,28.34006446,36.37056034,28.76965398,28.59132621,33.12734405,-66.00567089,25.02341941,23.40920592,14.04903195,35.7074467,17.36067231,36.86847696,41.41688083,30.62108278,27.40065332,31.66127737,36.75226068,-46.73153078
,5,6.482667516,13.06688695,10.9009786,18.66947051,18.82574563,18.05808227,8.552325034,7.51717719,20.0218952,6.031533312,12.5477272,17.82715897,20.20344866,30.04730932,11.70008175,19.13588526,15.49170811,16.41566731,15.74165305,28.67232981,32.38816254,21.36631701,33.41484184,8.891176184,20.43033927,21.92203711,26.08477716,29.35725371,29.75484339,22.26820674,24.50660068,31.31923622,22.8401132,30.8973605,25.04295092,-51.10080436,30.55073892,20.33630436,15.6501025,33.25618779,14.86912088,31.55715512,32.88435672,27.93065033,30.46237556,24.22371579,29.98171459,-34.07606956
,6,10.79029588,16.66925033,19.83728649,26.04100954,22.3399672,20.99756681,20.44457418,13.19097058,16.85905197,12.29316168,21.04374407,24.64618182,17.87673193,19.20302199,12.45359404,15.59248767,12.22224535,6.128000456,13.30549627,23.48280264,18.86953101,14.0379916,29.36167433,9.250298099,14.35810628,13.35320478,15.41279358,26.99753321,27.6591165,14.90552634,19.37509255,21.2828195,12.75608276,22.80564253,18.02317137,-45.48182062,25.68316859,22.21060151,15.78030878,31.63479593,18.91297799,28.77451182,26.56439323,27.92911608,27.89746712,24.53630082,24.13050041,-21.57456166
,7,10.71377341,21.76673331,18.9831675,25.23232961,22.19727406,21.12395545,25.11191271,17.72526924,22.40278649,15.14154929,13.79406343,12.90168503,10.81876915,11.93474099,1.651867993,6.976230607,6.304520798,9.217603294,14.75083078,17.62140987,4.79036768,9.695657772,18.54416786,8.542226474,11.91218052,13.27101882,12.73217945,19.81391283,13.10603416,10.8870251,16.11533324,14.64662548,12.6616731,18.4250571,12.95912913,5.667540157,16.2751731,14.08872548,11.18825025,26.37861098,16.62743592,17.83188196,22.35077776,14.77274566,17.61957907,18.25309878,25.21944501,-4.574168704
,8,12.08448244,19.5676431,19.63652389,20.97157468,12.95427376,11.57580712,22.37823411,20.43905916,19.61368959,14.31966241,11.45469467,14.14952326,6.886702909,1.427899947,-0.500485681,-4.350239762,-4.24187572,-4.200424696,7.287154372,6.104320757,2.2372979,3.07752181,5.817572782,7.195661529,4.713953195,1.107012682,7.74652978,12.12148687,7.692090048,3.562437621,12.09601475,12.20557019,5.584854229,14.1191396,4.567549172,6.172232779,14.09742662,12.78714273,10.56619907,16.04265421,10.98317801,14.85349204,22.51024726,10.86869023,16.31389334,13.35095163,14.75972845,12.81202037
,9,5.710404532,9.176037546,4.825272296,7.100475317,8.639811285,11.44514195,23.75253417,16.76808022,11.75815676,8.50672516,7.177433171,5.300006903,-5.56468471,-10.86064606,-9.809205817,-12.26949987,-8.075993003,-7.482059713,7.684235388,2.599991127,-6.867546864,2.840929434,-1.110252858,2.793605685,0.256990297,-1.452669777,-1.202699687,5.874938953,1.555867599,-0.056014513,1.531193304,6.547476446,3.032533226,9.466027991,3.68894758,17.2241391,15.09169845,5.366283615,11.31289534,12.10982339,3.584162973,13.72245076,9.510241152,10.2163498,7.827923351,13.56815377,9.32145735,27.70256272
,10,4.748653392,-4.252520916,-11.21209263,-3.831656748,0.730764468,-3.676492428,9.431126562,8.789119006,8.235359452,14.94338496,6.089381818,4.124729168,-11.44404043,-16.84195316,-18.73104352,-14.02095358,-13.90553037,-17.60708732,6.06382502,-11.39247085,-10.38086577,-2.664396688,-2.399948625,0.929346076,-7.701709719,-5.028927648,-6.487521164,-1.511999184,-5.210977821,-5.443972961,-0.750153597,0.757096385,-0.24834128,6.553495743,-1.027093442,33.42841061,3.853764181,-0.394164044,0.396136409,5.791638498,3.002384582,7.57352328,10.18878892,7.998874807,9.160469368,3.322663256,7.794235589,45.45731784
,11,-4.361517065,-13.25838226,-19.91589017,-17.63236553,-16.42966667,-15.10175746,-5.398652852,0.90784043,-0.716712816,13.35506559,3.637284611,-3.520659628,-20.33208085,-32.15099999,-21.23105877,-19.10684901,-23.55476038,-16.43445253,1.576610966,-14.89968649,-22.25663129,-7.981378308,-8.696049308,-2.852872904,-9.277420774,-12.92526466,-14.6378647,-11.25577341,-14.02825867,-9.445062438,-5.645995842,-1.485769103,-10.66074762,-1.591579683,-4.178040015,37.55729316,-4.516337683,-4.879980211,-0.896223387,-4.117147511,-2.781844825,-1.310099652,-0.69431585,0.470025524,3.733916942,6.061854969,0.633798658,53.33475439
,12,-13.55383205,-25.67587886,-26.5992072,-23.92352362,-23.86037173,-23.20364032,-14.19554266,-13.02313266,-15.37560686,4.279152336,2.072501398,-11.61850826,-24.69688731,-44.23181268,-26.76493209,-26.26243233,-29.15014431,-23.89191988,-8.422693623,-22.12903777,-23.58322739,-10.00215166,-20.84511575,0.986221306,-16.71177347,-20.02194974,-21.64439466,-15.82639216,-18.78628442,-16.44803566,-11.48122043,-8.043346975,-10.39454927,0.254629643,-11.40251157,57.99198544,-0.788319609,-9.133377008,-2.232191455,-6.485308561,-6.402914736,-7.815782477,4.13419151,-3.341894525,-2.485303792,2.911713348,0.6388643,58.214792
,13,-6.159823831,-34.26772417,-31.9631161,-32.26916638,-29.90486303,-37.39858377,-29.10811079,-21.24852374,-28.53065592,-1.018678372,-2.840042261,-1.521324787,-32.06934392,-52.2126558,-32.69908386,-31.56932858,-32.22933541,-32.10922939,-5.020454816,-32.3671017,-31.59579774,-16.37669797,-23.30666394,3.341328369,-16.82196406,-28.47873274,-28.61399722,-24.4017413,-24.52535659,-22.46290991,-16.89735738,-15.32989995,-17.06559934,-6.830519481,-12.3209681,59.34473297,-16.25196024,-9.797106767,-9.101296125,-13.96847609,-11.7335314,-12.02029407,-8.659606279,-4.804047494,-4.774368396,-0.863918236,-5.367124675,44.18446987
,14,-12.47312962,-36.4164687,-33.12676267,-33.60515523,-36.8214566,-33.99416612,-38.9810399,-31.23493041,-46.4981193,-14.8046432,-7.622833099,-11.04173503,-34.13169975,-57.0187577,-24.82993825,-36.90267766,-35.99435665,-39.80680832,-18.78872872,-38.76807954,-38.55018867,-22.41558591,-29.51994442,11.14610287,-26.04603709,-37.46279272,-36.9568676,-30.38583329,-32.4108464,-31.81055301,-21.09879447,-22.48528385,-20.13400709,-12.72356531,-14.57186942,60.38864708,-18.44397489,-15.40771879,-13.87614409,-18.15440262,-14.0121635,-19.95926674,-16.79061695,-14.25364442,-4.383851521,0.155067799,-14.06671441,37.37728432
,15,2.825566934,-22.04230097,-17.40525588,-19.33308859,-19.31886481,-19.82972764,-45.64839826,-29.75217861,-45.7999134,-20.11825243,-18.86269051,12.23815344,-29.57085795,-58.23539143,-30.09678622,-29.45858876,-40.0204191,-27.22952232,-19.80545447,-44.61113052,-42.53271602,-23.36643675,-33.82073299,15.40236203,-22.89668559,-40.84381772,-39.53307044,-39.3205068,-40.23281831,-28.97319939,-20.02069151,-26.22364679,-24.0179834,-14.31301429,-24.94906335,58.92868109,-23.51625034,-28.47221469,-14.85329261,-17.32204643,-12.16994669,-22.34213531,-11.92141512,-18.22895215,-5.27414323,-2.516442041,-16.86250917,37.86233804
,16,37.2217031,13.07487486,12.29767777,10.34050628,9.462747732,12.91040096,-45.60036384,-18.26847755,-44.83981199,-24.36875149,-26.51080994,-0.579339722,-14.05100211,-46.72947699,-14.22761975,-29.47873543,-29.24584664,-26.36197631,-22.57023838,-52.15230914,-51.77627818,-32.42954066,-39.27850332,16.55003943,-30.67421003,-44.22434415,-42.82275131,-46.03942422,-46.96520301,-37.66656558,-31.02863419,-31.38778546,-31.96363352,-21.84256807,-21.6301304,42.52345055,-29.61510278,-23.75725316,-14.49577679,-37.19055657,-18.0216985,-22.59941581,-21.51166282,-24.37566554,-6.542971827,-6.286495539,-17.98088138,23.63154914
,17,110.2094921,88.13157555,84.47842921,79.22246642,83.0158811,86.49778657,-21.10684259,8.422637507,-27.26403264,-25.91134838,-34.77003563,-6.097319537,16.97422702,-17.42623259,22.22952407,-17.03243845,-8.072986457,-12.05206654,-31.13890685,-57.26134008,-50.3769167,-33.55273303,-45.4442184,5.844517157,-30.08989176,-41.36809498,-49.74782646,-54.59284174,-52.0826278,-39.17902087,-34.36304056,-39.32419726,-32.24105907,-30.45387828,-28.25646057,49.94395557,-30.8191915,-30.88956761,-25.90581553,-39.87050367,-20.75114192,-35.1989274,-21.61909304,-26.6997034,-12.73251502,-13.27120604,-20.05677336,15.43165559
,18,265.7695142,253.0797177,249.2195822,222.6969857,235.2270447,237.6228767,21.60230091,70.83805844,22.49736701,-23.9536476,-33.87718369,-6.291230234,94.00962401,44.94775328,88.89448954,27.70635721,23.86788086,21.19115906,-32.57198755,-57.81139265,-45.93238268,-35.37005151,-53.4033863,5.525340958,-28.7987579,-45.8059545,-46.03651746,-55.71608526,-62.15516771,-45.82082685,-43.02503013,-51.35707484,-38.68085099,-31.84589422,-30.78855513,41.17367104,-38.23094998,-36.68781219,-21.63962223,-40.72634837,-27.21599217,-40.02251285,-28.40940106,-30.66645552,-20.04400233,-13.0037566,-25.37099981,8.559302798
,19,574.7708646,578.4092037,564.9122429,520.9532134,534.9143383,556.4506803,125.8808986,212.0371134,147.8258943,9.552160348,-22.81835788,63.55882337,253.0983025,183.271943,237.5937169,109.9761791,113.228268,103.1573561,-26.52238168,-56.94699322,-36.16710392,-40.24805767,-55.07901946,9.028008176,-23.02738178,-36.28311913,-38.48876042,-65.39028517,-60.17496142,-43.62833171,-41.48598244,-48.64779896,-41.73434792,-31.89105073,-30.60222175,30.49928065,-42.53375481,-38.9803634,-24.52175607,-48.50821024,-29.62241263,-40.96665464,-31.05121756,-30.61972093,-19.92891217,-16.70442702,-25.36866194,-1.306876635
,20,1186.12276,1211.141591,1172.579486,1082.679779,1126.67447,1168.956538,338.2166639,493.2512189,395.4436506,66.80430559,20.01016352,110.3040602,553.2071567,471.2701395,523.1438911,270.8055448,284.9027742,253.775663,-23.64648911,-38.96946687,-7.689329343,-37.61906017,-59.26694945,-5.555280357,-12.41596114,-9.73243766,-11.82888752,-57.90752366,-54.37543655,-31.78538781,-46.09511667,-52.38929679,-41.29115456,-37.92280114,-34.56407571,19.68946107,-50.36624116,-41.63573227,-29.78182192,-55.82609118,-27.46769067,-47.53890447,-36.44601999,-37.33405022,-23.77608281,-16.38999017,-29.34431916,-12.80736657
,21,2319.072869,2384.216346,2299.690573,2146.882496,2221.845861,2302.75555,751.9920139,1023.605884,893.1348276,201.8591983,104.3844965,222.0000708,1147.232522,1017.018027,1051.72408,587.1257886,607.665089,550.1500934,-7.698941603,-9.54803832,50.3839131,-45.92819679,-62.03973114,-22.20712071,27.57065738,46.79687417,52.20146836,-43.30444519,-37.89042309,-7.254282943,-41.98386872,-55.20561532,-41.50948251,-41.31868106,-33.70084248,9.434633029,-50.85351328,-41.73581768,-31.27075394,-60.15810284,-36.64538025,-50.88639194,-37.41643234,-34.55650381,-26.71462048,-22.3942377,-38.56873786,-16.27595441
,22,4285.216651,4392.71061,4268.457716,4022.34095,4133.026612,4335.540033,1534.596575,2043.012048,1842.114694,464.4088751,290.8387139,455.2981124,2261.478073,2031.278743,2069.08541,1207.84044,1243.499045,1123.508747,30.4392456,65.25135694,177.2405257,-35.19049585,-49.99302303,-24.56362391,104.7578875,159.2415079,167.2085031,-6.426310602,1.397146292,50.02285243,-41.42580057,-55.64251167,-35.59596633,-46.20390677,-37.69472465,-2.600168579,-48.99802377,-43.12236629,-33.09325284,-59.56191508,-37.76879297,-54.28498591,-37.58918197,-41.14545967,-28.42128351,-20.64337315,-41.49486995,-13.48947975
,23,7349.224337,7530.352287,7360.543153,6999.243379,7255.543271,7726.462403,2936.605664,3838.916048,3542.709203,968.6221394,644.7719777,912.1001199,4206.868351,3855.729545,3825.164698,2334.309978,2398.705127,2166.896286,103.3458604,214.8568541,417.4031196,-21.56883841,-35.87586126,-25.39592429,252.4177892,385.7438743,403.9305239,71.96718898,67.85713505,150.5277979,-30.92238068,-47.70068,-25.38759596,-53.28861837,-37.37974914,-18.94830548,-45.74906229,-36.88624036,-33.15158068,-60.7372833,-29.56452338,-60.13901962,-51.77727554,-40.39960767,-29.04829604,-25.48296969,-38.94531497,-24.87425601
,24,10288.51091,10524.5265,10368.17187,10622.7113,10335.34101,11193.61316,5274.625352,6727.440538,6398.242586,1933.377286,1359.653321,1815.501474,7515.007206,6774.044053,6600.033932,4335.716271,4406.629052,4019.244733,256.2408085,515.1285937,898.5618725,1.141746047,4.956610074,-18.34513763,545.5442043,822.8826004,867.1836601,231.2989376,216.7616821,359.8390497,1.571093139,-32.19961492,-1.190661805,-55.78251177,-39.9688416,-28.82230842,-30.52594297,-29.21477701,-37.22957483,-65.51038939,-38.51151874,-57.6604896,-48.57878887,-41.50213341,-35.57100031,-27.72878604,-43.36066839,-38.28439667
,25,12759.44341,13042.67358,12982.70378,13722.12419,13038.46794,14344.23424,8467.963255,10280.76689,10300.73036,3636.862294,2643.816167,3433.616027,10851.01642,10289.75867,9831.608905,7673.131058,7656.940918,6863.592591,559.7220145,1069.694205,1793.853172,53.83285819,80.3351703,5.006915656,1103.181537,1652.952928,1737.442352,541.9877908,511.3440409,754.5804578,61.08868247,3.189053164,54.17294536,-54.31694356,-40.30842445,-38.52792133,-2.470665374,3.942425474,-31.6241179,-50.50127099,-32.31095698,-52.47405212,-52.89921346,-47.20456852,-34.08698345,-20.1837714,-46.97768166,-45.52774352
,26,14418.11693,14735.75814,14766.7283,16000.07896,14930.89124,16636.64613,11396.71738,13366.08876,13834.42345,6414.977055,4841.166484,6120.867025,13823.84505,13288.62336,12567.71914,11058.79998,10903.19138,10311.41108,1140.334676,2112.075301,3436.37768,154.2229161,239.2690014,57.36436977,2138.154293,3176.598562,3322.524746,1146.166766,1070.164336,1503.692056,178.8366293,79.67381803,161.8852556,-50.70431798,-37.65668412,-48.93725602,66.88095674,60.12242118,-22.62400384,-32.57818533,-21.32914274,-49.42048008,-59.97211429,-46.23067972,-37.64686811,-31.80528492,-44.51566154,-49.59980724
,27,15403.578,15768.56593,15842.37025,17434.94884,16130.42421,18085.7331,13754.96514,15685.40023,16615.3006,9903.97888,8197.802395,9781.05949,15893.74066,15478.34647,14550.87139,14085.63151,13781.61026,13271.26466,2204.138487,3972.604216,6172.88754,355.3635591,549.7486799,182.0218115,3982.419872,5728.683496,5949.053297,2272.541673,2116.113464,2879.87062,415.8769224,226.4333342,371.5627346,-42.32926854,-34.63819498,-44.01664147,207.2597059,172.0509059,8.584797062,8.060271952,1.878543631,-31.41041625,-60.66530879,-35.67377561,-32.07376417,-31.87576646,-42.7415099,-57.60790518
,28,16005.97742,16386.31094,16497.08695,18336.36117,16873.58433,19000.40202,15373.48023,17176.50118,18434.21986,12948.57439,11406.28049,13075.46323,17135.71022,16830.68171,15785.85823,16250.39773,15851.44184,15470.12356,4056.488408,6895.946462,10139.09254,745.8850531,1152.446694,419.0494301,6825.779678,9445.280349,9622.907468,4269.824006,3961.203338,5230.460869,858.6440322,518.4264664,776.7143496,-23.1380425,-15.47425948,-52.00178811,469.8846371,389.527431,47.92467341,101.5265062,54.02441427,10.14905827,-50.48910358,-34.19076568,-39.59134404,-37.12664703,-51.35142261,-49.4635403
,29,16396.45038,16808.32715,16924.42765,18919.19923,17356.75166,19613.20196,16370.58313,18097.83981,19543.70496,15224.85416,14100.47399,15618.93373,17861.24163,17642.45198,16549.00887,17592.85864,17151.78665,16874.84684,7199.190756,10638.83698,13810.12886,1479.448442,2272.17616,879.4149222,10103.49905,12867.78636,12968.15754,7721.45681,6939.955769,9006.740827,1708.463798,1078.73966,1535.440727,14.09664888,11.80896487,-40.28628251,983.6006972,812.3896424,146.3064814,277.770213,158.7777377,98.69011615,-49.61069685,-24.84188561,-38.46264835,-37.48775502,-48.25419798,-36.64434288
,30,16663.06781,17087.26285,17248.2956,19350.324,17687.37479,20053.66387,17019.71293,18699.93131,20261.23462,16648.3679,15941.16792,17237.17262,18354.61872,18166.65409,17065.02597,18443.86874,17976.03459,17779.5148,10466.29571,13898.95764,16773.87161,2826.940651,4271.468534,1762.528051,12820.19237,15634.19262,15610.10206,11308.88281,10674.94796,12761.5146,3220.699712,2109.540296,2906.668917,93.45819985,72.29005661,-2.529710535,1950.224346,1617.747523,332.7836259,625.5964093,347.2358359,265.2591656,-38.74212689,12.07763298,-39.48216091,-39.56553654,-46.0193485,-19.22362525
,31,16859.14225,17293.85198,17449.60849,19631.45577,17927.23708,20381.69476,17432.83019,19102.04803,20724.4771,17501.48987,17051.74433,18198.44471,18692.20494,18515.83235,17406.17251,19007.15161,18506.76488,18358.83329,13517.6262,16355.21877,18719.9895,5092.202688,7710.10827,3314.813462,14732.03934,17432.13319,17318.35381,14620.38019,13933.51097,16085.28306,5738.764111,3916.350875,5259.047063,238.48813,181.0486473,69.84107808,3654.284112,3062.644181,688.7642773,1276.766765,720.4795617,590.8749135,-24.01696647,80.64597063,-39.09597677,-33.53908826,-28.82679241,37.85803298
,32,16989.67639,17433.42826,17612.36092,19855.55295,18098.0385,20611.21812,17744.91599,19398.91072,21050.47596,18045.1607,17748.76429,18816.94687,18936.04505,18762.68182,17676.04646,19391.85822,18894.85198,18793.51435,15864.78351,17952.26614,19916.97118,8425.338892,11316.71898,5877.286894,15887.97047,18528.49138,18352.93578,17065.96935,16425.39829,18522.26292,9450.112688,6801.995455,8943.21334,530.9959249,389.2001601,202.9910469,6388.830198,5461.852115,1361.942423,2491.379968,1397.071067,1206.268444,21.87023836,220.8517029,-38.13211856,-34.0069837,-17.6309561,145.2456722
,33,17076.92963,17529.33956,17731.22923,20001.88614,18221.97442,20765.64101,17974.7318,19611.22275,21288.14979,18427.41284,18206.59551,19244.50875,19100.33924,18921.38549,17847.50799,19656.19883,19173.30112,19072.86188,17434.0848,18953.91666,20689.32457,11585.03634,14666.10079,9280.901366,16592.40558,19204.46727,19009.24069,18605.43083,18034.6822,20083.52018,12993.96659,10595.78429,12621.08228,1084.889076,809.5465256,471.9863198,9788.151554,8906.507712,2589.899417,4589.236554,2636.401171,2359.75126,117.1123578,480.0422793,-34.40006743,-44.17339294,24.0640113,367.4706868
,34,17133.85442,17609.75323,17816.50103,20131.16259,18302.0606,20875.42403,18142.27653,19805.56269,21473.9722,18704.85791,18545.83769,19554.98855,19227.9808,19050.4175,17997.61761,19880.02778,19394.90116,19305.55768,18513.38775,19635.29738,21227.55302,14244.49498,17161.19252,12398.44387,17067.31064,19682.60575,19475.71838,19580.45787,19073.12162,21126.50479,16048.25092,13998.78975,15934.2009,2108.325176,1561.099308,993.3295036,12714.35685,12093.08445,4675.25667,8025.450992,4731.39365,4337.812051,274.0630799,995.0985942,-34.72860102,-36.74068006,99.91381915,773.0715306
,35,17175.91423,17653.48665,17857.22764,20207.57452,18363.54527,20948.60012,18261.04093,19918.34342,21607.3218,18904.49284,18789.3034,19771.97701,19324.18371,19137.16559,18079.73456,20032.27654,19567.30435,19479.46887,19257.52413,20108.07295,21597.59143,16064.32452,18726.78173,14879.50218,17391.90723,20014.79949,19798.73322,20213.14371,19745.99325,21832.36033,18191.07362,16651.37416,18359.31006,3928.508991,2948.948437,1971.373231,14880.43352,14685.18957,7870.92322,11512.77506,8084.422147,7739.373737,597.9243413,1939.131863,-23.27439616,-40.91243545,248.4401483,1532.669347
,36,17216.35035,17689.20614,17878.02251,20283.85666,18401.6898,21018.10415,18360.63612,20011.96682,21697.12259,19072.20796,18973.2965,19953.8866,19404.37724,19252.68968,18152.37675,20147.39176,19684.63759,19624.07814,19848.13452,20472.72446,21883.30395,17228.97464,19720.31584,16592.26963,17647.75258,20273.02685,20050.49895,20683.07153,20254.57878,22380.73941,19620.04853,18479.21175,19983.70941,6794.668226,5238.937645,3647.394218,16228.55034,16430.84357,10962.73954,14662.39282,11451.46814,11318.01378,1199.524454,3612.307482,-12.83677061,-40.61261385,516.2170392,2860.819861
,37,17225.89306,17697.20751,17894.00965,20326.72008,18428.8006,21057.88807,18430.80367,20056.57115,21762.47919,19193.08951,19106.57543,20076.99329,19449.16292,19303.22039,18193.41753,20212.68993,19770.16322,19721.98963,20286.41323,20737.84827,22095.55705,17981.55503,20374.97572,17684.18835,17821.00877,20455.44392,20230.14328,21014.34882,20612.85748,22772.1058,20557.72371,19656.52039,21052.24857,10669.44869,8669.960298,6365.932314,17047.59598,17535.14609,13591.44034,16984.88036,14488.53666,14706.13609,2302.410818,6367.591589,8.94595472,-29.00934983,1026.661759,4997.650058
,38,17230.83459,17707.7274,17919.92177,20377.41111,18450.07315,21117.44688,18482.05061,20109.32722,21806.14379,19315.7821,19196.3056,20183.75845,19484.39961,19350.06987,18219.0908,20308.71387,19800.19097,19812.49497,20649.05331,20955.66726,22267.64861,18521.63372,20851.18162,18414.00833,17967.75533,20596.52057,20379.97375,21283.76437,20895.18028,23073.08294,21245.06726,20472.36128,21814.21123,14186.89579,11958.39028,9884.237317,17561.63896,18247.50929,15459.70066,18471.07292,16750.38329,17310.39109,4186.994068,10040.45787,40.03551691,-22.31286756,1943.407384,7899.825567
,39,17210.33012,17696.41052,17910.90736,20389.81646,18445.66773,21126.08833,18503.49738,20127.09371,21839.67307,19382.72904,19263.97678,20242.42215,19498.35188,19338.72352,18224.93209,20372.34687,19840.05774,19863.21372,20921.53429,21115.80261,22370.87277,18890.00379,21192.16299,18913.31941,18057.01377,20701.05233,20472.68725,21467.8755,21091.66873,23292.53084,21738.54333,21054.43019,22352.4757,17004.74853,14781.41494,13085.4124,17910.16497,18740.04437,16615.80493,19447.68526,18275.98701,19052.34144,7243.925476,13360.43016,95.35635753,0.342324453,3494.956696,10620.55722
,40,17188.93217,17678.70942,17915.5334,20380.30713,18429.54348,21133.03404,18500.01525,20114.14702,21847.2795,19435.27809,19305.96475,20290.77178,19501.05145,19343.90823,18227.09055,20415.60349,19852.97429,19904.13267,21151.15424,21240.68367,22476.9489,19163.22166,21435.65908,19257.28964,18122.16642,20774.88653,20541.53118,21609.16014,21241.49259,23466.66231,22118.67829,21465.90864,22751.86424,18955.97516,16802.14203,15704.13413,18161.46776,19069.6711,17362.32836,20084.84959,19246.31907,20163.44019,10415.21816,15994.66104,191.4188511,32.20015395,5836.571764,12939.98565
,41,17153.34197,17655.78927,17903.9948,20360.72279,18406.87484,21116.93222,18512.51564,20094.1983,21845.67597,19451.58897,19343.31803,20323.09582,19497.93098,19341.47266,18224.63089,20397.55663,19871.86119,19896.92021,21326.1182,21335.98388,22537.11177,19359.73135,21628.1813,19522.3463,18165.01992,20825.53172,20579.58071,21713.67504,21360.02882,23605.09869,22412.82257,21795.38811,23061.95223,20259.62334,18142.02816,17565.0488,18362.0315,19334.43324,17898.49877,20560.93653,19942.83431,20930.49428,13426.13813,17777.61799,352.5351663,105.3043331,8848.371265,14656.35168
,42,17124.6809,17626.60773,17872.03501,20338.36261,18368.80867,21091.0695,18489.76047,20073.52899,21821.09447,19484.39754,19354.11534,20337.45568,19490.23988,19322.29827,18214.50097,20391.66755,19886.21046,19901.21668,21452.85061,21398.31321,22598.35884,19510.99102,21765.54506,19720.61941,18194.05216,20854.25707,20610.81617,21793.23858,21439.27753,23702.32893,22628.89801,22015.74486,23286.03618,21155.08616,19029.91727,18827.77091,18504.01887,19517.33915,18275.73372,20869.58244,20403.02922,21442.38361,15776.87703,18934.18008,619.7172039,224.6427704,11628.51007,15866.66379
,43,17091.61877,17614.15341,17828.61083,20342.08609,18337.46885,21063.30689,18464.48459,20054.09917,21793.24869,19486.62711,19351.79044,20331.32101,19495.55732,19281.94467,18192.81526,20384.86883,19881.19246,19894.51076,21548.65517,21436.56187,22600.22898,19619.61091,21876.36767,19874.6916,18211.52537,20875.19103,20620.35773,21839.89456,21501.94242,23773.73302,22782.49256,22206.90222,23448.98088,21781.38714,19640.39536,19690.10078,18607.2326,19667.92952,18551.95807,21117.35537,20770.40819,21845.2329,17448.78254,19701.10596,1024.464809,444.6538973,13995.17898,16737.55816
,44,17059.61413,17578.18864,17760.94979,20309.12771,18302.12002,21015.50773,18411.8106,20042.34709,21768.54792,19477.41964,19352.7703,20309.0943,19469.63377,19249.70071,18165.41903,20388.53773,19867.23402,19893.67355,21618.857,21447.34025,22611.72015,19698.94555,21957.67198,19982.24765,18209.32061,20877.12038,20619.81935,21869.9935,21531.49526,23820.70079,22896.07114,22338.44707,23573.25098,22233.9185,20087.39535,20300.65849,18678.28905,19769.75328,18732.55092,21289.18364,21029.68408,22130.0957,18621.17316,20246.08655,1676.78285,850.9901865,15816.66889,17365.90837
,45,17025.65575,17537.18908,17717.94732,20285.78309,18273.89413,20986.47449,18381.01315,20002.69396,21738.14358,19437.56679,19346.94587,20288.36121,19444.84649,19223.15236,18135.28707,20370.23794,19824.56309,19881.88008,21701.14132,21462.85589,22605.16508,19750.54596,22021.90713,20049.93816,18216.3643,20884.21713,20612.3961,21893.53208,21559.41621,23865.92508,23002.16959,22453.50823,23680.35113,22593.74494,20430.35981,20788.50169,18747.69627,19852.07356,18884.03692,21464.21247,21288.45097,22379.14857,19467.2427,20632.21853,2678.385416,1574.283388,17193.46206,17868.76731
,46,16983.64085,17471.35513,17656.35554,20224.79414,18227.75512,20935.32027,18338.83042,19950.25399,21698.45066,19416.56652,19331.23453,20255.04859,19403.79276,19210.1591,18093.38904,20346.9727,19785.89754,19858.57477,21761.07338,21463.52055,22622.9682,19797.96864,22068.2528,20109.72156,18209.40184,20877.46262,20605.53439,21913.33103,21589.92797,23894.98713,23087.35845,22542.31321,23765.3951,22873.32478,20705.01571,21163.47235,18798.04216,19918.53127,19017.76663,21595.57753,21500.16341,22549.40775,20074.63969,20944.26637,4094.022422,2797.683714,18237.38678,18270.49994
,47,16941.07426,17422.12483,17619.77064,20192.2049,18173.17866,20885.58888,18299.99274,19895.049,21650.91898,19392.68404,19288.12597,20230.05396,19372.66788,19161.65553,18046.83641,20315.11383,19750.81821,19817.45112,21835.62312,21466.29655,22615.93749,19824.58482,22084.2458,20149.05417,18197.63873,20872.19176,20595.35052,21921.35571,21607.21439,23915.19773,23157.04936,22612.52998,23824.88869,23097.42343,20900.2806,21451.14825,18857.99962,19963.22074,19118.66039,21688.48491,21658.83069,22698.51844,20532.19924,21181.93819,5939.786908,4690.976279,19019.11755,18598.08966
,48,16892.64104,17390.59464,17569.60819,20144.33071,18120.09126,20833.40187,18255.14435,19862.38063,21600.42882,19365.05649,19250.39089,20197.61844,19347.30104,19136.8621,17996.22789,20304.1038,19731.27253,19795.53115,21872.94249,21449.6351,22601.71555,19857.93274,22089.98359,20176.6873,18182.56956,20841.51657,20573.01377,21926.03483,21611.77967,23921.58029,23203.98559,22660.35786,23869.28248,23267.19137,21056.41063,21662.87058,18878.53959,19989.20218,19184.3144,21742.77025,21740.71896,22802.20515,20898.28228,21373.49854,7840.736431,7331.026193,19615.10099,18857.80203
,49,16843.30693,17338.34429,17521.13472,20108.17753,18071.15614,20774.99719,18203.00777,19826.97601,21552.11927,19333.7637,19201.96447,20161.10022,19332.73506,19090.8199,17961.9215,20270.56131,19709.1336,19776.19799,21899.1486,21445.1399,22570.9452,19865.0498,22098.75231,20175.87264,18169.33027,20807.18698,20539.70457,21907.60139,21597.77839,23922.98338,23236.71058,22696.21457,23896.36091,23415.49138,21168.70044,21844.79221,18886.9414,20001.46232,19228.1922,21792.83817,21807.31001,22891.17554,21172.60324,21529.03253,9707.616693,9957.917973,20056.00723,19065.94705
,50,16783.54734,17287.35081,17463.66464,20061.89234,18026.08491,20735.24666,18148.94597,19778.60547,21489.96939,19308.48558,19159.33501,20114.90431,19304.95872,19045.81167,17923.38347,20249.41805,19684.4151,19741.35532,21894.63054,21422.76658,22531.71918,19871.28894,22097.63795,20166.04249,18150.80755,20765.8728,20501.54441,21891.9789,21573.64398,23915.67524,23253.31403,22712.39935,23911.88892,23546.05597,21262.65922,21972.27438,18869.62456,19995.1465,19244.96834,21838.30441,21854.74934,22961.93317,21363.7563,21639.75283,11371.16354,12410.56911,20403.71543,19244.64934
,51,16713.63898,17234.86409,17412.47751,20021.60918,17981.60781,20707.36329,18099.26861,19728.7915,21428.8587,19291.51528,19111.84134,20065.6058,19252.36604,18962.71605,17885.96943,20216.90346,19653.3609,19677.77255,21887.14076,21391.66703,22479.52336,19867.36192,22082.80148,20140.40619,18109.92588,20723.05577,20474.5867,21871.17164,21530.00549,23903.99987,23264.56011,22722.56011,23918.21902,23679.53786,21332.55694,22053.50189,18875.10928,19987.97926,19260.09573,21868.65295,21879.45553,23015.7088,21531.47298,21728.7686,12851.15139,14605.74547,20695.01887,19399.99852